cycle,q_enabled,engine_fsm,engine_res,kmu_bid,kmu_grant,dma_bid,dma_grant,dcr_bid,dcr_grant,event_bid,event_grant,retire,retire_ready,any_bid,launch_done,dma_done,dcr_done,event_done
0,0x0,0x0,0x0,0x0,0x0,0x0,0x0,0x0,0x0,0x0,0x0,0x0,0x0,0x0,0,0,0,0
1,0x0,0x0,0x0,0x0,0x0,0x0,0x0,0x0,0x0,0x0,0x0,0x0,0x0,0x0,0,0,0,0
2,0xf,0x0,0x0,0x0,0x0,0x0,0x0,0x0,0x0,0x0,0x0,0x0,0x0,0x0,0,0,0,0
3,0xf,0x0,0x0,0x0,0x0,0x0,0x0,0x0,0x0,0x0,0x0,0x0,0x0,0x0,0,0,0,0
4,0xf,0x0,0x0,0x0,0x0,0x0,0x0,0x0,0x0,0x0,0x0,0x0,0x0,0x0,0,0,0,0
5,0xf,0x0,0x0,0x0,0x0,0x0,0x0,0x0,0x0,0x0,0x0,0x0,0x0,0x0,0,0,0,0
6,0xf,0x0,0x0,0x0,0x0,0x0,0x0,0x0,0x0,0x0,0x0,0x0,0x0,0x0,0,0,0,0
7,0xf,0x1,0x0,0x0,0x0,0x0,0x0,0x0,0x0,0x0,0x0,0x0,0x0,0x0,0,0,0,0
8,0xf,0x2,0x1,0x0,0x0,0x1,0x1,0x0,0x0,0x0,0x0,0x0,0x0,0x1,0,0,0,0
9,0xf,0xb,0x1,0x0,0x0,0x0,0x0,0x0,0x0,0x0,0x0,0x0,0x0,0x0,0,0,0,0
10,0xf,0x13,0x9,0x0,0x0,0x0,0x0,0x2,0x2,0x0,0x0,0x0,0x0,0x2,0,0,0,0
11,0xf,0x5b,0x9,0x0,0x0,0x0,0x0,0x0,0x0,0x0,0x0,0x0,0x0,0x0,0,0,0,0
12,0xf,0x9b,0x39,0x0,0x0,0x0,0x0,0x0,0x0,0x4,0x4,0x0,0x0,0x4,0,0,1,0
13,0xf,0x2e3,0x39,0x0,0x0,0x0,0x0,0x0,0x0,0x0,0x0,0x2,0x0,0x0,0,0,0,0
14,0xf,0x4e3,0x39,0x8,0x8,0x0,0x0,0x0,0x0,0x0,0x0,0x2,0x2,0x8,0,0,0,0
15,0xf,0x6c3,0x39,0x0,0x0,0x0,0x0,0x0,0x0,0x0,0x0,0x0,0x0,0x0,0,0,0,0
16,0xf,0x6c3,0x39,0x0,0x0,0x0,0x0,0x0,0x0,0x0,0x0,0x0,0x0,0x0,0,0,0,0
17,0xf,0x6c3,0x39,0x0,0x0,0x0,0x0,0x0,0x0,0x0,0x0,0x0,0x0,0x0,0,0,0,0
18,0xf,0x6c3,0x39,0x0,0x0,0x0,0x0,0x0,0x0,0x0,0x0,0x0,0x0,0x0,0,0,0,1
19,0xf,0x703,0x39,0x0,0x0,0x0,0x0,0x0,0x0,0x0,0x0,0x4,0x0,0x0,0,0,0,0
20,0xf,0x703,0x39,0x0,0x0,0x0,0x0,0x0,0x0,0x0,0x0,0x4,0x4,0x0,0,0,0,0
21,0xf,0x603,0x39,0x0,0x0,0x0,0x0,0x0,0x0,0x0,0x0,0x0,0x0,0x0,0,0,0,0
22,0xf,0x603,0x39,0x0,0x0,0x0,0x0,0x0,0x0,0x0,0x0,0x0,0x0,0x0,0,0,0,0
23,0xf,0x603,0x39,0x0,0x0,0x0,0x0,0x0,0x0,0x0,0x0,0x0,0x0,0x0,0,0,0,0
24,0xf,0x603,0x39,0x0,0x0,0x0,0x0,0x0,0x0,0x0,0x0,0x0,0x0,0x0,0,0,0,0
25,0xf,0x603,0x39,0x0,0x0,0x0,0x0,0x0,0x0,0x0,0x0,0x0,0x0,0x0,0,0,0,0
26,0xf,0x603,0x39,0x0,0x0,0x0,0x0,0x0,0x0,0x0,0x0,0x0,0x0,0x0,0,0,0,0
27,0xf,0x603,0x39,0x0,0x0,0x0,0x0,0x0,0x0,0x0,0x0,0x0,0x0,0x0,0,0,0,0
28,0xf,0x603,0x39,0x0,0x0,0x0,0x0,0x0,0x0,0x0,0x0,0x0,0x0,0x0,0,0,0,0
29,0xf,0x603,0x39,0x0,0x0,0x0,0x0,0x0,0x0,0x0,0x0,0x0,0x0,0x0,0,0,0,0
30,0xf,0x603,0x39,0x0,0x0,0x0,0x0,0x0,0x0,0x0,0x0,0x0,0x0,0x0,1,0,0,0
31,0xf,0x803,0x39,0x0,0x0,0x0,0x0,0x0,0x0,0x0,0x0,0x8,0x0,0x0,0,0,0,0
32,0xf,0x803,0x39,0x0,0x0,0x0,0x0,0x0,0x0,0x0,0x0,0x8,0x8,0x0,0,0,0,0
33,0xf,0x3,0x39,0x0,0x0,0x0,0x0,0x0,0x0,0x0,0x0,0x0,0x0,0x0,0,0,0,0
34,0xf,0x3,0x39,0x0,0x0,0x0,0x0,0x0,0x0,0x0,0x0,0x0,0x0,0x0,0,1,0,0
35,0xf,0x4,0x39,0x0,0x0,0x0,0x0,0x0,0x0,0x0,0x0,0x1,0x0,0x0,0,0,0,0
36,0xf,0x4,0x39,0x0,0x0,0x0,0x0,0x0,0x0,0x0,0x0,0x1,0x1,0x0,0,0,0,0
37,0xf,0x0,0x39,0x0,0x0,0x0,0x0,0x0,0x0,0x0,0x0,0x0,0x0,0x0,0,0,0,0
38,0xf,0x0,0x39,0x0,0x0,0x0,0x0,0x0,0x0,0x0,0x0,0x0,0x0,0x0,0,0,0,0
39,0xf,0x0,0x39,0x0,0x0,0x0,0x0,0x0,0x0,0x0,0x0,0x0,0x0,0x0,0,0,0,0
40,0xf,0x0,0x39,0x0,0x0,0x0,0x0,0x0,0x0,0x0,0x0,0x0,0x0,0x0,0,0,0,0
41,0xf,0x0,0x39,0x0,0x0,0x0,0x0,0x0,0x0,0x0,0x0,0x0,0x0,0x0,0,0,0,0
42,0xf,0x0,0x39,0x0,0x0,0x0,0x0,0x0,0x0,0x0,0x0,0x0,0x0,0x0,0,0,0,0
